{
  "candidate": {
    "tag": "fit_c044",
    "round_name": "coarse",
    "u0": 0.015,
    "xl": 1.2e-08,
    "dvtshift": 0.0,
    "delta_wgaa": 0.0,
    "delta_tgaa": 0.0,
    "eot_0": 9.5e-10
  },
  "metrics": {
    "tag": "fit_c044",
    "round_name": "coarse",
    "loss": 0.0855324256888028,
    "log_rmse_all": 0.06501713997795043,
    "log_rmse_low": 0.10338026256765455,
    "log_rmse_mid": 0.0476675105687408,
    "rel_rmse_high": 0.08206114284340948,
    "lin_rmse": 6.265044703384138e-07,
    "max_rel_err_high": 0.1414401949279444,
    "status": "ok"
  },
  "fixed": {
    "L": 1.6e-08,
    "W": 2.5e-08,
    "NF": 1.0
  }
}