{
  "best_tag": "eval_0151",
  "fixed": {
    "L": 1.6e-08,
    "W": 2.5e-08,
    "NF": 1.0,
    "EOT_0": 7.6e-10
  },
  "params": {
    "U0": 0.045933708558651885,
    "XL": 2.7243611579629044e-08,
    "DVTSHIFT": 0.39534515858876146,
    "DeltaWGAA": 6.394033645386561e-09,
    "DeltaTGAA": -3.582191512312344e-10
  },
  "metrics": {
    "loss": 0.2902006720055365,
    "log_rmse_all": 0.1983099764778265,
    "log_rmse_vd005": 0.17859451008727234,
    "log_rmse_vd070": 0.21766242629218985,
    "rel_rmse_high_vd005": 0.1562818112605852,
    "rel_rmse_high_vd070": 0.45632282559081483,
    "max_abs_log_err": 0.4938199582073626
  }
}